DF2A217,DF2A5249,DF2A5236,DF2A5229,DF2A5181
DF2A5315,DF2A5279,DF2A5334,DF2A5370,DF2A5761
DF2A5421,Df2A5453,DF2A5499,DF2A5536,DF2A5539
DF2A5563,DF2A5576,DF2A5587,DF2A5618,DF2A5744
DF2A5642,DF2A5661,DF2A5713,DF2A5737,DF2A5862
DF2A5765,DF2A5797,DF2A5828,DF2A5838,DF2A6016
DF2A5945,DF2A5968,DF2A5976,DF2A6007,DF2A6154
DF2A6194,DF2A6225,DF2A6272,DF2A6281,DF2A6448
DF2A6329,DF2A6339,DF2A6343,DF2A6437,DF2A6568
DF2A6475,DF2A6492,DF2A6524,DF2A6560,DF2A6904
DF2A6808,DF2A6774,DF2A6824,DF2A6827,DF2A7107
DF2A6918,DF2A6908,DF2A6903,DF2A6869,DF2A7491
DF2A6934,DF2A7002,DF2A7010,DF2A7068,DF2A7343
DF2A7086,DF2A7092,DF2A7183,DF2A7227,DF2A7486
DF2A7305,DF2A7301,DF2A7317,DF2A7344,DF2A7477
DF2A7433,DF2A7432,DF2A7415,DF2A7404,DF2A7467
DF2A7446